movie_name,genre,year,rating
Transversals: A Concert to Celebrate the International Day of Dance,Music,2016,9.3
Gospel Movie: Song of Victory,Music,2016,9.3
Canadian Glamour Musical,Music,2016,9.3
A Nightmare on Twitch.TV,Music,2016,9.3
Through the Dew,Music,2016,9.3
Unlimited Tamaashaa,Music,2016,9.3
Yahan Ameena Bikti Hai,Music,2016,9.3
It's Her Time to Fly,Music,2016,9.3
Stars Are Already Dead,Music,2016,9.3
Seytan Papuçta,Music,2016,9.3
Deda,Music,2016,9.3
No Really, It's Fine.,Music,2016,9.3
Je marche beaucoup,Music,2016,9.3
Door to Door,Music,2016,9.3
Ame ni yureru onna,Music,2016,9.3
Selfie brez retuse,Music,2016,9.3
Cursed,Music,2016,9.3
Desert Dwellers: in the Shadows,Music,2016,9.3
Detours,Music,2016,9.3
Bedtime Story: Live in Concert,Music,2016,9.3
Buckaroo's Late Night Snack,Music,2016,9.3
Crisis,Music,2016,9.3
Scarlett,Music,2016,9.3
Happy Island,Music,2016,9.3
Hope,Music,2016,9.3
Unakkul Naan,Music,2016,9.3
Professione Remotti,Music,2016,9.3
Halibut,Music,2016,9.3
Proklyataya,Music,2016,9.3
Missiya 1.2,Music,2016,9.3
Blackout,Music,2016,9.3
Death at the Christmas Tree Party,Music,2016,9.3
What the clouds don't say,Music,2016,9.3
Nous nous marierons,Music,2016,9.3
Les marcheurs de brume,Music,2016,9.3
Ben & Holly's Little Kingdom - The North Pole & Other Stories,Music,2016,9.3
The Bee Gees at the BBC... And Beyond,Music,2016,9.3
Unsettled Dust,Music,2016,9.3
Quantum Shock: Black Drop,Music,2016,9.3
Untitled Studio Camo Project,Music,2016,9.3
L'homme Qui a Kidnappé Daria Panchenko,Music,2016,9.3
Four Cities,Music,2016,9.3
1916,Music,2016,9.3
Pinda Vicho Pinda Sunida,Music,2016,9.3
El mal trato,Music,2016,9.3
Survivor,Music,2016,9.3
The Cool Crew,Music,2016,9.3
The Shift,Music,2016,9.3
Socodoodles Go Jurassic,Music,2016,9.3
Greenville,Music,2016,9.3
